DATE	TASK_ID	CANDIDATE	CLASSIFICATION	ACTION	STATUS	NOTE
2026-10-04	FSD_BRAIN_OPERATOR_CORE_LAYER_002	ROOT_DISCOVERABLE_KERNEL	RULE	RETAIN_AGENTS_MD	ACCEPTED	Stage-B accepted by BRAIN in Stage-C directive.
2026-10-04	FSD_BRAIN_OPERATOR_CORE_LAYER_002	STABLE_BRAIN_COMPACT	RULE	RETAIN_CANONICAL_COMPACT	ACCEPTED	Stage-B accepted by BRAIN in Stage-C directive.
2026-10-04	FSD_BRAIN_OPERATOR_CORE_LAYER_002	FULL_DESKTOP_FALLBACK	RULE	RETAIN_FULL_RECOVERY_TRANSPORT	ACCEPTED	Transport only; exact canonical Operator projection.
2026-10-04	FSD_STATE_PLANE_AND_FINALIZER_003	NO_MODEL_BENCHMARK	RULE	PRESERVE_PROHIBITION	ACCEPTED	Existing owner policy reaffirmed; no historical backfill.
2026-10-04	FSD_STATE_PLANE_AND_FINALIZER_003	STATE_PLANE	RULE	RETAIN_MINIMUM_STATE_SURFACES	ACCEPTED	Stage-C STATE implementation accepted by BRAIN at 2026-10-04T02:11:06+07:00.
2026-10-04	FSD_STATE_PLANE_AND_FINALIZER_003	CANONICAL_HANDOFF_FINALIZER	RULE	RETAIN_DISCOVERABLE_FINALIZER	ACCEPTED	Single FSD finalizer procedure accepted with Stage C.
2026-10-04	FSD_STATE_PLANE_AND_FINALIZER_003	DETERMINISTIC_CONTROL_PLANE_CHECKER	RULE	RETAIN_SINGLE_CHECKER	ACCEPTED	Single mechanics-only checker accepted with Stage C.
2026-10-04	FSD_SKILL_MCP_HARDENING_007	PROVIDER_NEUTRAL_WORKER_EXECUTION_GUARD	RULE	RETAIN_FSD_TASK_EXECUTION	ACCEPTED	Anti Forget generalized to every FSD Worker/Reviewer with provider-neutral preflight/postflight and no auto-next.
2026-10-04	FSD_SKILL_MCP_HARDENING_007	CANONICAL_INDEPENDENT_REVIEW	RULE	RETAIN_FSD_INDEPENDENT_REVIEW	ACCEPTED	Single read-only FSD review procedure accepted; findings remain advisory until BRAIN adjudication.
2026-10-04	FSD_SKILL_MCP_HARDENING_007	MCP_EXPLICIT_TASK_LEAST_PRIVILEGE	RULE	PRESERVE_NO_DEFAULT_MCP	ACCEPTED	No project MCP/OCR config by default; MCP install/config and private remote disclosure require explicit Owner authorization.
